{"cameraMode":{"drawMode":0,"name":"Shaded","section":"Shading Mode"},"sceneLighting":false,"audioPlay":false,"sceneViewState":{"m_AlwaysRefresh":false,"showFog":false,"showSkybox":false,"showFlares":false,"showImageEffects":false,"showParticleSystems":false,"showVisualEffectGraphs":true,"m_FxEnabled":true},"in2DMode":false,"pivot":{"x":0.042908668518066409,"y":3.0724806785583498,"z":-0.11355948448181153},"rotation":{"x":0.02561098150908947,"y":0.9746965169906616,"z":-0.1616668999195099,"w":0.15322932600975038},"size":5.10862398147583,"orthographic":false}