{"cameraMode":{"drawMode":0,"name":"Shaded","section":"Shading Mode"},"sceneLighting":false,"audioPlay":false,"sceneViewState":{"m_AlwaysRefresh":false,"showFog":false,"showSkybox":false,"showFlares":false,"showImageEffects":false,"showParticleSystems":false,"showVisualEffectGraphs":true,"m_FxEnabled":true},"in2DMode":false,"pivot":{"x":-0.0014377832412719727,"y":2.8894548416137697,"z":-0.007344245910644531},"rotation":{"x":-0.10899285972118378,"y":-0.7805004715919495,"z":0.14203569293022157,"w":-0.5990195274353027},"size":4.0649638175964359,"orthographic":false}