{"cameraMode":{"drawMode":0,"name":"Shaded","section":"Shading Mode"},"sceneLighting":false,"audioPlay":false,"sceneViewState":{"m_AlwaysRefresh":false,"showFog":false,"showSkybox":false,"showFlares":false,"showImageEffects":false,"showParticleSystems":false,"showVisualEffectGraphs":true,"m_FxEnabled":true},"in2DMode":false,"pivot":{"x":0.10530638694763184,"y":2.5324180126190187,"z":0.19416356086730958},"rotation":{"x":0.12833832204341889,"y":0.29850640892982485,"z":-0.040545109659433368,"w":0.9448718428611755},"size":3.9119744300842287,"orthographic":false}